2016 0701_000154.mp4;ADR_28 423.mp4
2016 0701_000242.jpg;ADR_28 423.jpg
20160 630_234125 - Copy (2).jpg;spr_34 jhgf.jpg
20160 630_234125 - Copy.jpg;geno_454 7665.jpg
20160 630_234125.jpg;term_3636 45 24.jpg
20160701_000116_LLS - Copy (2).jpg;geno_454 7665.jpg
20160701_000116_LLS - Copy.jpg;spr_34 jsvjhgf.jpg
20160701_000116_LLS.jpg;ADR_28 423.jpg
20160701_000122_LLS.jpg;SSS_ dfg kjh.jpg
20160701_142928.jpg;geno_454 766fg5.jpg
20160702_133833.jpg;term_3636 45dfg 24.jpg
20160702_133836.jpg;spr_34 jsvjhgf.jpg
20160702_133839.jpg;spr_34 jsvjhgf.jpg
